{"stats":{"minecraft:picked_up":{"minecraft:red_concrete_powder":2,"minecraft:leather":1,"minecraft:lead":2,"minecraft:torch":5,"minecraft:diamond_sword":2,"mineguns:test_block":4,"minecraft:porkchop":2,"minecraft:gunpowder":8,"minecraft:gold_ore":158,"minecraft:string":2,"minecraft:bone":6,"minecraft:arrow":3,"minecraft:rotten_flesh":6,"minecraft:slime_ball":49,"minecraft:beef":3,"mineguns:test_item":496,"minecraft:bamboo":43,"mineguns:test_gun":18,"minecraft:mutton":5,"minecraft:white_wool":3,"minecraft:cobblestone":1},"minecraft:custom":{"minecraft:time_since_rest":76338,"minecraft:sprint_one_cm":281580,"minecraft:damage_taken":330,"minecraft:walk_one_cm":283464,"minecraft:mob_kills":119,"minecraft:drop":380,"minecraft:damage_dealt":7346,"minecraft:swim_one_cm":2203,"minecraft:fly_one_cm":1000082,"minecraft:play_one_minute":339569,"minecraft:crouch_one_cm":80532,"minecraft:sneak_time":9049,"minecraft:deaths":2,"minecraft:walk_under_water_one_cm":1933,"minecraft:jump":3973,"minecraft:leave_game":218,"minecraft:time_since_death":76299,"minecraft:walk_on_water_one_cm":457,"minecraft:fall_one_cm":1196},"minecraft:dropped":{"minecraft:gold_ore":93,"minecraft:diamond_sword":2,"minecraft:gunpowder":2,"minecraft:torch":2,"minecraft:mutton":2,"mineguns:test_item":560,"minecraft:slime_ball":23,"minecraft:arrow":1,"minecraft:white_wool":1,"mineguns:test_block":70,"mineguns:test_gun":2,"minecraft:bone":2},"minecraft:used":{"minecraft:trident":3,"minecraft:water_bucket":13,"minecraft:lava_bucket":2,"minecraft:red_concrete":2,"minecraft:grass_block":635,"minecraft:stone":3,"minecraft:torch":34,"minecraft:bamboo":17,"minecraft:diamond_sword":149,"minecraft:dirt":37,"minecraft:cobblestone":15,"minecraft:bow":1,"minecraft:red_concrete_powder":8,"minecraft:crossbow":1,"mineguns:test_block":727,"minecraft:honey_bottle":4,"minecraft:bone_meal":30},"minecraft:killed":{"minecraft:sheep":2,"minecraft:horse":2,"minecraft:skeleton":4,"minecraft:trader_llama":2,"minecraft:pig":1,"minecraft:spider":2,"minecraft:bat":6,"minecraft:wandering_trader":1,"minecraft:slime":91,"minecraft:creeper":6,"minecraft:cow":2}},"DataVersion":2227}